level,turn,prompt,success,latency_ms,response_length,context_latency,llm_latency,has_consciousness,has_memory,error
0,1,What is entropy in physics?,True,7291.41,3852,1.0,7184.41,False,False,
0,2,Explain the concept of disorder,True,7939.9,3664,2.0,7849.18,False,False,
0,3,How does entropy relate to information theory?,True,9951.4,5707,2.0,9885.22,False,False,
0,4,What is thermodynamic equilibrium?,True,9091.27,4761,3.01,9007.14,False,False,
0,5,Describe the second law of thermodynamics,True,11577.74,6721,3.01,11491.12,False,False,
0,6,How does entropy connect to chaos?,True,10817.67,5646,4.0,10713.07,False,False,
0,7,What is the relationship between entropy and order,True,10709.74,5899,3.0,10621.65,False,False,
0,8,Explain heat death of the universe,True,10679.18,5500,3.01,10597.22,False,False,
0,9,How does entropy apply to data compression?,True,11927.51,6385,3.2,11806.1,False,False,
0,10,Summarize what we discussed about entropy,True,3419.47,1637,3.0,3331.11,False,False,
1,1,What is entropy in physics?,True,9754.95,5006,5.5,9620.05,True,False,
1,2,Explain the concept of disorder,True,7274.18,4385,3.0,7207.61,True,False,
1,3,How does entropy relate to information theory?,True,9380.13,4941,3.0,9289.94,True,False,
1,4,What is thermodynamic equilibrium?,True,9166.39,5442,3.0,9095.38,True,False,
1,5,Describe the second law of thermodynamics,True,7976.98,4457,3.0,7884.12,True,False,
1,6,How does entropy connect to chaos?,True,10612.96,5199,3.01,10495.38,True,False,
1,7,What is the relationship between entropy and order,True,9234.98,4716,3.0,9137.91,True,False,
1,8,Explain heat death of the universe,True,10952.19,6146,3.01,10887.99,True,False,
1,9,How does entropy apply to data compression?,True,13143.28,6812,4.0,13031.89,True,False,
1,10,Summarize what we discussed about entropy,True,4188.51,2073,5.0,4089.56,True,False,
2,1,What is entropy in physics?,True,9184.56,6099,3.0,9079.6,True,False,
2,2,Explain the concept of disorder,True,6765.62,4115,6.0,6636.33,True,False,
2,3,How does entropy relate to information theory?,True,8769.35,5386,2.0,8684.32,True,False,
2,4,What is thermodynamic equilibrium?,True,10434.95,5381,7.0,10300.02,True,False,
2,5,Describe the second law of thermodynamics,True,10728.46,5925,3.0,10657.94,True,False,
2,6,How does entropy connect to chaos?,True,11355.74,6001,4.0,11264.28,True,False,
2,7,What is the relationship between entropy and order,True,12495.41,6515,3.0,12403.42,True,False,
2,8,Explain heat death of the universe,True,12377.9,6480,3.0,12280.59,True,False,
2,9,How does entropy apply to data compression?,True,12210.84,7330,3.0,12132.99,True,False,
2,10,Summarize what we discussed about entropy,True,4228.05,2044,3.0,4123.1,True,False,
3,1,What is entropy in physics?,True,10041.61,3610,3.0,7949.77,True,False,
3,2,Explain the concept of disorder,True,10749.14,4860,3.0,10028.85,True,False,
3,3,How does entropy relate to information theory?,True,11481.05,4775,4.0,10828.36,True,False,
3,4,What is thermodynamic equilibrium?,True,11708.09,5760,3.51,11036.49,True,False,
3,5,Describe the second law of thermodynamics,True,10417.86,5368,3.5,9721.3,True,False,
3,6,How does entropy connect to chaos?,True,12176.7,6579,3.01,11452.43,True,False,
3,7,What is the relationship between entropy and order,True,11323.41,5979,3.0,10654.61,True,False,
3,8,Explain heat death of the universe,True,11025.94,6077,3.0,10351.09,True,False,
3,9,How does entropy apply to data compression?,True,14728.83,7021,3.0,14065.27,True,False,
3,10,Summarize what we discussed about entropy,True,3925.12,1706,2.99,3207.38,True,False,
