turn,level,prompt,latency_ms,coherence,tension,fit,pressure,stability,adjustments
1,1,"Hello, how are you?",0.005,0.9999999999999999,0.21000000000000005,0.6818181818181819,0.35,0.7359090909090908,
2,1,Explain quantum mechanics brie,0.002,0.9999999999999999,0.21000000000000005,0.6818181818181819,0.35,0.7359090909090908,
3,1,What is your favorite color?,0.002,0.9999999999999999,0.21000000000000005,0.6818181818181819,0.35,0.7359090909090908,
4,1,Describe the water cycle in de,0.001,0.9999999999999999,0.21000000000000005,0.6818181818181819,0.35,0.7359090909090908,
5,1,Tell a short joke,0.004,0.9999999999999999,0.21000000000000005,0.6818181818181819,0.35,0.7359090909090908,
6,1,What time is it?,0.001,0.9999999999999999,0.21000000000000005,0.6818181818181819,0.35,0.7359090909090908,
7,1,Explain machine learning to a ,0.001,0.9999999999999999,0.21000000000000005,0.6818181818181819,0.35,0.7359090909090908,
8,1,List 5 benefits of exercise,0.002,0.9999999999999999,0.21000000000000005,0.6818181818181819,0.35,0.7359090909090908,
9,1,What is your name?,0.001,0.9999999999999999,0.21000000000000005,0.6818181818181819,0.35,0.7359090909090908,
10,1,How does photosynthesis work?,0.001,0.9999999999999999,0.21000000000000005,0.6818181818181819,0.35,0.7359090909090908,
11,1,"Hello, how are you?",0.001,0.9999999999999999,0.21000000000000005,0.6818181818181819,0.35,0.7359090909090908,
12,1,Explain quantum mechanics brie,0.001,0.9999999999999999,0.21000000000000005,0.6818181818181819,0.35,0.7359090909090908,
13,1,What is your favorite color?,0.001,0.9999999999999999,0.21000000000000005,0.6818181818181819,0.35,0.7359090909090908,
14,1,Describe the water cycle in de,0.002,0.9999999999999999,0.21000000000000005,0.6818181818181819,0.35,0.7359090909090908,
15,1,Tell a short joke,0.001,0.9999999999999999,0.21000000000000005,0.6818181818181819,0.35,0.7359090909090908,
16,1,What time is it?,0.001,0.9999999999999999,0.21000000000000005,0.6818181818181819,0.35,0.7359090909090908,
17,1,Explain machine learning to a ,0.001,0.9999999999999999,0.21000000000000005,0.6818181818181819,0.35,0.7359090909090908,
18,1,List 5 benefits of exercise,0.001,0.9999999999999999,0.21000000000000005,0.6818181818181819,0.35,0.7359090909090908,
19,1,What is your name?,0.001,0.9999999999999999,0.21000000000000005,0.6818181818181819,0.35,0.7359090909090908,
20,1,How does photosynthesis work?,0.001,0.9999999999999999,0.21000000000000005,0.6818181818181819,0.35,0.7359090909090908,
21,1,"Hello, how are you?",0.001,0.9999999999999999,0.21000000000000005,0.6818181818181819,0.35,0.7359090909090908,
22,1,Explain quantum mechanics brie,0.001,0.9999999999999999,0.21000000000000005,0.6818181818181819,0.35,0.7359090909090908,
23,1,What is your favorite color?,0.001,0.9999999999999999,0.21000000000000005,0.6818181818181819,0.35,0.7359090909090908,
24,1,Describe the water cycle in de,0.001,0.9999999999999999,0.21000000000000005,0.6818181818181819,0.35,0.7359090909090908,
25,1,Tell a short joke,0.002,0.9999999999999999,0.21000000000000005,0.6818181818181819,0.35,0.7359090909090908,
26,1,What time is it?,0.001,0.9999999999999999,0.21000000000000005,0.6818181818181819,0.35,0.7359090909090908,
27,1,Explain machine learning to a ,0.002,0.9999999999999999,0.21000000000000005,0.6818181818181819,0.35,0.7359090909090908,
28,1,List 5 benefits of exercise,0.001,0.9999999999999999,0.21000000000000005,0.6818181818181819,0.35,0.7359090909090908,
29,1,What is your name?,0.001,0.9999999999999999,0.21000000000000005,0.6818181818181819,0.35,0.7359090909090908,
30,1,How does photosynthesis work?,0.001,0.9999999999999999,0.21000000000000005,0.6818181818181819,0.35,0.7359090909090908,
1,2,"Hello, how are you?",0.004,0.9999999999999999,0.21000000000000005,0.6818181818181819,0.35,0.7359090909090908,NO
2,2,Explain quantum mechanics brie,0.002,0.9999999999999999,0.21000000000000005,0.6818181818181819,0.35,0.7359090909090908,NO
3,2,What is your favorite color?,0.002,0.9999999999999999,0.21000000000000005,0.6818181818181819,0.35,0.7359090909090908,NO
4,2,Describe the water cycle in de,0.002,0.9999999999999999,0.21000000000000005,0.6818181818181819,0.35,0.7359090909090908,NO
5,2,Tell a short joke,0.002,0.9999999999999999,0.21000000000000005,0.6818181818181819,0.35,0.7359090909090908,NO
6,2,What time is it?,0.001,0.9999999999999999,0.21000000000000005,0.6818181818181819,0.35,0.7359090909090908,NO
7,2,Explain machine learning to a ,0.002,0.9999999999999999,0.21000000000000005,0.6818181818181819,0.35,0.7359090909090908,NO
8,2,List 5 benefits of exercise,0.001,0.9999999999999999,0.21000000000000005,0.6818181818181819,0.35,0.7359090909090908,NO
9,2,What is your name?,0.002,0.9999999999999999,0.21000000000000005,0.6818181818181819,0.35,0.7359090909090908,NO
10,2,How does photosynthesis work?,0.001,0.9999999999999999,0.21000000000000005,0.6818181818181819,0.35,0.7359090909090908,NO
11,2,"Hello, how are you?",0.002,0.9999999999999999,0.21000000000000005,0.6818181818181819,0.35,0.7359090909090908,NO
12,2,Explain quantum mechanics brie,0.002,0.9999999999999999,0.21000000000000005,0.6818181818181819,0.35,0.7359090909090908,NO
13,2,What is your favorite color?,0.002,0.9999999999999999,0.21000000000000005,0.6818181818181819,0.35,0.7359090909090908,NO
14,2,Describe the water cycle in de,0.002,0.9999999999999999,0.21000000000000005,0.6818181818181819,0.35,0.7359090909090908,NO
15,2,Tell a short joke,0.002,0.9999999999999999,0.21000000000000005,0.6818181818181819,0.35,0.7359090909090908,NO
16,2,What time is it?,0.001,0.9999999999999999,0.21000000000000005,0.6818181818181819,0.35,0.7359090909090908,NO
17,2,Explain machine learning to a ,0.002,0.9999999999999999,0.21000000000000005,0.6818181818181819,0.35,0.7359090909090908,NO
18,2,List 5 benefits of exercise,0.002,0.9999999999999999,0.21000000000000005,0.6818181818181819,0.35,0.7359090909090908,NO
19,2,What is your name?,0.001,0.9999999999999999,0.21000000000000005,0.6818181818181819,0.35,0.7359090909090908,NO
20,2,How does photosynthesis work?,0.002,0.9999999999999999,0.21000000000000005,0.6818181818181819,0.35,0.7359090909090908,NO
21,2,"Hello, how are you?",0.002,0.9999999999999999,0.21000000000000005,0.6818181818181819,0.35,0.7359090909090908,NO
22,2,Explain quantum mechanics brie,0.001,0.9999999999999999,0.21000000000000005,0.6818181818181819,0.35,0.7359090909090908,NO
23,2,What is your favorite color?,0.002,0.9999999999999999,0.21000000000000005,0.6818181818181819,0.35,0.7359090909090908,NO
24,2,Describe the water cycle in de,0.002,0.9999999999999999,0.21000000000000005,0.6818181818181819,0.35,0.7359090909090908,NO
25,2,Tell a short joke,0.001,0.9999999999999999,0.21000000000000005,0.6818181818181819,0.35,0.7359090909090908,NO
26,2,What time is it?,0.002,0.9999999999999999,0.21000000000000005,0.6818181818181819,0.35,0.7359090909090908,NO
27,2,Explain machine learning to a ,0.002,0.9999999999999999,0.21000000000000005,0.6818181818181819,0.35,0.7359090909090908,NO
28,2,List 5 benefits of exercise,0.002,0.9999999999999999,0.21000000000000005,0.6818181818181819,0.35,0.7359090909090908,NO
29,2,What is your name?,0.001,0.9999999999999999,0.21000000000000005,0.6818181818181819,0.35,0.7359090909090908,NO
30,2,How does photosynthesis work?,0.002,0.9999999999999999,0.21000000000000005,0.6818181818181819,0.35,0.7359090909090908,NO
